Name,Place,Type,Price,ReviewsCount,Rating,City,State
BUNK Hotel Amsterdam,"Amsterdam Noord, Amsterdam",Bunk Pod for 2,"₹ 7,887",778,8.4,Amsterdam Noord, Amsterdam
YOTEL Amsterdam,"Amsterdam Noord, Amsterdam",Premium Double Room,"₹ 15,267",500,8.1,Amsterdam Noord, Amsterdam
Multatuli Hotel,"Amsterdam City Center, Amsterdam",Double Room,"₹ 13,063",1605,7.4,Amsterdam City Center, Amsterdam
nhow Amsterdam Rai,"Zuideramstel, Amsterdam",nhow Double or Twin Room with View,"₹ 12,854",500,9,Zuideramstel, Amsterdam
Motel One Amsterdam,"Zuideramstel, Amsterdam",Double Room,"₹ 9,471",500,8.8,Zuideramstel, Amsterdam
INNSiDE by Meliá Amsterdam,"Zuideramstel, Amsterdam",The Innside Guestroom,"₹ 14,123",1264,8.4,Zuideramstel, Amsterdam
Eden Hotel Amsterdam,"Amsterdam City Center, Amsterdam",Small Double Room,"₹ 20,060",500,8.3,Amsterdam City Center, Amsterdam
citizenM Amsterdam South,"Zuideramstel, Amsterdam",King Room,"₹ 14,206",500,8.8,Zuideramstel, Amsterdam
The Alfred Hotel,"Oud Zuid, Amsterdam",Standard Double Room,"₹ 12,655",2069,7.3,Oud Zuid, Amsterdam
Andaz Amsterdam Prinsengracht - a concept by Hyatt,"Amsterdam City Center, Amsterdam",Observatory King,"₹ 45,038",,8.9,Amsterdam City Center, Amsterdam
Hyatt Regency Amsterdam,"Amsterdam City Center, Amsterdam",Twin Room,"₹ 31,228",500,8.5,Amsterdam City Center, Amsterdam
NH Collection Amsterdam Flower Market,"Amsterdam City Center, Amsterdam",Superior Double or Twin Room,"₹ 29,391",500,8.6,Amsterdam City Center, Amsterdam
ibis Styles Amsterdam Central Station,"Amsterdam City Center, Amsterdam",Small Double Room,"₹ 17,798",500,7.9,Amsterdam City Center, Amsterdam
Leonardo Royal Hotel Amsterdam,"Oost, Amsterdam",Queen Room - Disability Access,"₹ 11,336",500,8.5,Oost, Amsterdam
Rho Hotel,"Amsterdam City Center, Amsterdam",Standard Double or Twin Room,"₹ 18,778",2974,8,Amsterdam City Center, Amsterdam
Leonardo Boutique Museumhotel,"Oud Zuid, Amsterdam",Double or Twin Room,"₹ 15,357",500,7.9,Oud Zuid, Amsterdam
Hotel V Nesplein,"Amsterdam City Center, Amsterdam",Comfort Double or Twin Room,"₹ 21,917",1278,8.9,Amsterdam City Center, Amsterdam
"Kimpton De Witt Amsterdam, an IHG Hotel","Amsterdam City Center, Amsterdam",1 Queen or King Bed Essential Room,"₹ 34,617",500,8.8,Amsterdam City Center, Amsterdam
Qbic Hotel WTC Amsterdam,"Zuideramstel, Amsterdam",Standard Double Room - No Window,"₹ 8,083",500,7.9,Zuideramstel, Amsterdam
Hotel Espresso,"Oud West, Amsterdam",Small Double Room,"₹ 12,992",1935,7.8,Oud West, Amsterdam
Hotel Central Park,"Oud Zuid, Amsterdam",Double Room,"₹ 6,794",518,6.8,Oud Zuid, Amsterdam
The White Tulip Hostel,"Amsterdam City Center, Amsterdam",Standard Twin Bunk with Shared Bathroom,"₹ 12,246",2064,7,Amsterdam City Center, Amsterdam
Swissôtel Amsterdam,"Amsterdam City Center, Amsterdam",Classic Double Room,"₹ 21,195",1629,8.6,Amsterdam City Center, Amsterdam
"Holiday Inn Express Amsterdam - City Hall, an IHG Hotel","Amsterdam City Center, Amsterdam",Double Room,"₹ 17,308",500,8.4,Amsterdam City Center, Amsterdam
Hotel Atlantis Amsterdam,"Oud Zuid, Amsterdam",Twin Room,"₹ 9,229",1783,7.4,Oud Zuid, Amsterdam
Holiday Home Green Resort Mooi Bemelen-19,Bemelen,Holiday Home,"₹ 20,982",1,10,Bemelen,
Holiday Home Green Resort Mooi Bemelen-2,Bemelen,Holiday Home,"₹ 26,534",1,9.6,Bemelen,
Holiday Home Green Resort Mooi Bemelen-12,Bemelen,Holiday Home,"₹ 20,982",2,9,Bemelen,
Holiday Home Green Resort Mooi Bemelen-31,Bemelen,Holiday Home,"₹ 20,982",1,9,Bemelen,
Holiday Home Green Resort Mooi Bemelen-15,Bemelen,Holiday Home,"₹ 20,982",1,9,Bemelen,
Holiday Home Green Resort Mooi Bemelen-10,Bemelen,Holiday Home,"₹ 28,330",1,9,Bemelen,
Holiday Home Green Resort Mooi Bemelen-13,Bemelen,Holiday Home,"₹ 28,330",1,9,Bemelen,
Holiday Home Green Resort Mooi Bemelen-16,Bemelen,Holiday Home,"₹ 28,330",4,8.5,Bemelen,
Resort Mooi Bemelen,Bemelen,Two-Bedroom House,"₹ 11,838",1155,8.1,Bemelen,
Holiday Home Green Resort Mooi Bemelen-6,Bemelen,Holiday Home,"₹ 20,982",18,8.1,Bemelen,
Holiday Home Green Resort Mooi Bemelen-3,Bemelen,Holiday Home,"₹ 20,982",5,8.1,Bemelen,
Holiday Home Green Resort Mooi Bemelen-17,Bemelen,Holiday Home,"₹ 20,982",18,8.1,Bemelen,
Holiday Home Green Resort Mooi Bemelen-21,Bemelen,Holiday Home,"₹ 20,982",40,8.1,Bemelen,
Holiday Home Green Resort Mooi Bemelen-10,Bemelen,Holiday Home,"₹ 20,982",18,8.1,Bemelen,
Holiday Home Green Resort Mooi Bemelen-4,Bemelen,Holiday Home,"₹ 20,982",1,8,Bemelen,
Holiday Home Green Resort Mooi Bemelen-11,Bemelen,Holiday Home,"₹ 20,982",18,8.1,Bemelen,
Holiday Home Green Resort Mooi Bemelen-32,Bemelen,Holiday Home,"₹ 20,982",1,8,Bemelen,
Holiday Home Green Resort Mooi Bemelen-33,Bemelen,Holiday Home,"₹ 20,982",1,8,Bemelen,
Holiday Home Green Resort Mooi Bemelen-20,Bemelen,Holiday Home,"₹ 20,982",18,8.1,Bemelen,
Holiday Home Green Resort Mooi Bemelen-18,Bemelen,Holiday Home,"₹ 20,982",18,8.1,Bemelen,
Holiday Home Green Resort Mooi Bemelen-14,Bemelen,Holiday Home,"₹ 20,982",18,8.1,Bemelen,
Holiday Home Green Resort Mooi Bemelen-5,Bemelen,Holiday Home,"₹ 26,534",19,8.1,Bemelen,
Holiday Home Green Resort Mooi Bemelen-3,Bemelen,Holiday Home,"₹ 26,534",18,8,Bemelen,
Holiday Home Green Resort Mooi Bemelen-7,Bemelen,Holiday Home,"₹ 28,330",3,8,Bemelen,
Holiday Home Green Resort Mooi Bemelen-12,Bemelen,Holiday Home,"₹ 28,330",1,8,Bemelen,
Anja's House,Breda,Double Room with Shared Bathroom,"₹ 7,136",88,9.2,Breda,
B&B de Druif,Breda,Two-Bedroom Apartment,"₹ 7,887",36,9.1,Breda,
Cottage Markdal,Breda,Two-Bedroom House,"₹ 11,757",500,9.2,Breda,
Cosy Nock ! Little Gem at City Center with Large Terrace !,Breda,One-Bedroom Apartment,"₹ 19,529",125,9.4,Breda,
Boutique Hotel Het Scheepshuys,Breda,Small Double Room with Shared Bathroom,"₹ 6,940",353,8.7,Breda,
B&B de Bievangh,Breda,Double Room with Private Bathroom,"₹ 6,948",131,8.5,Breda,
Hotel Sutor,Breda,Double Room,"₹ 8,287",841,8.6,Breda,
"Hotel Nassau Breda, Autograph Collection",Breda,"Superior, Guest room, 1 King","₹ 10,340",500,8.9,Breda,
Bliss Boutique Hotel,Breda,Suite,"₹ 15,920",424,8.9,Breda,
Golden Tulip Keyser Breda Centre,Breda,Comfort Twin Room,"₹ 8,381",500,8.2,Breda,
Leonardo Hotel Breda City Center,Breda,Deluxe Double or Twin Room,"₹ 9,396",500,8.1,Breda,
Boutique Nouveau Van Ham,Breda,Classic Double Room,"₹ 9,539",1013,8.4,Breda,
Ingenhousz Breda,Breda,Standard Suite,"₹ 10,140",392,8.4,Breda,
Van der Valk Hotel Breda,Breda,Comfort Double Room with Shower,"₹ 11,430",500,8,Breda,
Parkhotel Mastbosch Breda,Breda,Standard Twin Room,"₹ 8,187",1136,7.7,Breda,
Stadshotel De Klok,Breda,Standard Twin Room,"₹ 10,973",800,7.9,Breda,
Campanile Hotel & Restaurant Breda,Breda,Double Room,"₹ 6,129",1123,7.2,Breda,
Bastion Hotel Breda,Breda,Comfort Twin Room,"₹ 7,266",500,7.4,Breda,
Novotel Breda,Breda,Superior Double Room with Sofa Bed,"₹ 8,899",1232,7.3,Breda,
Premiere Classe Hotel Breda,Breda,Double Room,"₹ 3,988",709,6.5,Breda,
Hotel Arsenaal Delft,Delft,Double or Twin Room,"₹ 13,267",108,9.2,Delft,
The Student Hotel Delft,Delft,Superior Queen Room,"₹ 6,287",500,8.8,Delft,
WestCord Hotel Delft,Delft,Twin Standard,"₹ 8,743",500,8.7,Delft,
Hotel de Koophandel,Delft,Double Room,"₹ 9,797",1047,8.7,Delft,
Casa Julia,Delft,Deluxe Double Room,"₹ 11,530",1136,8.7,Delft,
Luxurious loft with view walk city center,Delft,One-Bedroom Apartment,"₹ 19,168",61,8.6,Delft,
De Vliegende Vos het geboortehuis van Johannes Vermeer,Delft,Family Suite,"₹ 19,594",347,8.8,Delft,
City Center Penthouse With Balcony Delft,Delft,One-Bedroom Apartment,"₹ 20,535",67,8.9,Delft,
Hotel Grand Canal,Delft,Small Double Room with Canal View,"₹ 7,616",1069,8.4,Delft,
Hampshire Hotel - Delft Centre,Delft,Standard Twin Room,"₹ 8,377",500,8.2,Delft,
Hotel Royal Bridges,Delft, Deluxe double or Twin Room,"₹ 8,817",500,8.3,Delft,
Hotel de Plataan Delft Centrum,Delft,Basic Double Room,"₹ 9,389",500,8.1,Delft,
Buitengoed De Uylenburg,Delft,Double Room,"₹ 9,797",489,8.3,Delft,
ibis Styles Delft City Centre,Delft,Standard Double Room with City View,"₹ 10,001",526,8.1,Delft,
Hotel Johannes Vermeer Delft,Delft,Deluxe Double Room,"₹ 10,716",1562,8.3,Delft,
Lux Loft Apt View Walk city center,Delft,One-Bedroom Apartment,"₹ 24,046",14,8.1,Delft,
Shanghai Hotel Holland,Delft,Double Room,"₹ 7,023",1583,7.6,Delft,
Best Western Museumhotels Delft,Delft,Standard Twin Room,"₹ 7,722",662,7.9,Delft,
Hotel Bridges House Delft,Delft,Deluxe Double Room with Shower,"₹ 8,397",2171,7.9,Delft,
Campanile Hotel & Restaurant Delft,Delft,Double Room,"₹ 5,515",1943,7.1,Delft,
Uylenhof Hotel,Den Bosch,Double Room,"₹ 12,165",677,9.2,Den Bosch,
Boutique Hotel De Blauwe Pauw,Den Bosch,Superior Twin Room,"₹ 12,655",549,9.4,Den Bosch,
Bossche Suites Stationsweg,Den Bosch,Standard King Room,"₹ 14,500",582,9.4,Den Bosch,
Bossche Suites No2 - Verwersstraat,Den Bosch,Studio,"₹ 19,594",249,9.3,Den Bosch,
CubaCasa,Den Bosch,Deluxe Double Room with Balcony,"₹ 8,940",252,8.6,Den Bosch,
Hotel The Stamp,Den Bosch,Superior Double Room,"₹ 9,699",891,8.7,Den Bosch,
Maison BON Apartments,Den Bosch,Two-Bedroom Apartment,"₹ 11,922",261,8.9,Den Bosch,
The Duke Boutique Apartments,Den Bosch,One-Bedroom Apartment,"₹ 11,250",500,8.5,Den Bosch,
Boutique hotel Jeroen,Den Bosch,Small Double Room,"₹ 12,221",95,8.5,Den Bosch,
The Duke Boutique Hotel,Den Bosch,Comfort Double Room,"₹ 11,499",500,8.6,Den Bosch,
Hotel 't Keershuys,Den Bosch,Double Room,"₹ 12,022",1143,8.9,Den Bosch,
KASerne Boutique Hotel,Den Bosch,Deluxe Double Room,"₹ 14,108",64,8.7,Den Bosch,
Kloosterhotel de Soete Moeder,Den Bosch,Comfort Double or Twin Room with Private Bathroom,"₹ 9,013",964,8.3,Den Bosch,
"The Den, 's-Hertogenbosch, a Tribute Portfolio Hotel",Den Bosch,Deluxe Twin Room,"₹ 8,952",166,8.3,Den Bosch,
Landgoed Huize Bergen Den Bosch - Vught,Den Bosch,Double Room,"₹ 10,238",500,8,Den Bosch,
Best Western Plus City Centre Hotel Den Bosch,Den Bosch,Comfort Twin Room,"₹ 11,922",500,8.4,Den Bosch,
Tussen Gracht en SintJan,Den Bosch,Studio,"₹ 14,614",158,8,Den Bosch,
Mövenpick Hotel 's Hertogenbosch,Den Bosch,Classic King Room,"₹ 10,948",500,7.7,Den Bosch,
Van der Valk Hotel 's-Hertogenbosch – Vught,Den Bosch,Triple Room,"₹ 11,838",500,7.9,Den Bosch,
Mely's House,Den Bosch,Deluxe Double Room (2 Adults + 1 Child),"₹ 6,531",4,7,Den Bosch,
Little Duke Hotel,Den Bosch,Deluxe Double Room with Balcony,"₹ 11,023",500,7.4,Den Bosch,
Fletcher Hotel-Restaurant ‘s-Hertogenbosch,Den Bosch,Standard Double Room,"₹ 6,450",996,6.5,Den Bosch,
Campanile Hotel & Restaurant 's Hertogenbosch,Den Bosch,Double Room,"₹ 6,577",983,6.6,Den Bosch,
"Hof, a luxury B&B in the center of Eindhoven","Strijp, Eindhoven",Deluxe Suite,"₹ 13,145",500,9.7,Strijp, Eindhoven
Eindhoven4you,"Strijp, Eindhoven",Twin Room with Bathroom,"₹ 5,108",234,9.1,Strijp, Eindhoven
Kazerne,"Eindhoven City Centre, Eindhoven",Deluxe King Room,"₹ 20,941",63,9.1,Eindhoven City Centre, Eindhoven
cafe 't Vonderke,"Strijp, Eindhoven",Deluxe Double or Twin Room,"₹ 5,713",283,8.7,Strijp, Eindhoven
Queen Hotel,"Eindhoven City Centre, Eindhoven",King Room,"₹ 6,127",3075,8.8,Eindhoven City Centre, Eindhoven
Hotel Parkzicht Eindhoven,"Stratum, Eindhoven",Comfort Double Room,"₹ 6,234",500,8.6,Stratum, Eindhoven
The Student Hotel Eindhoven,"Eindhoven City Centre, Eindhoven",Standard Queen Room,"₹ 6,287",500,8.8,Eindhoven City Centre, Eindhoven
Hotel the Match,"Eindhoven City Centre, Eindhoven",Standard Double Room,"₹ 6,450",4566,8.7,Eindhoven City Centre, Eindhoven
Design Hotel Glow,"Eindhoven City Centre, Eindhoven",Deluxe Twin Room,"₹ 6,692",1375,8.5,Eindhoven City Centre, Eindhoven
Hotel Mariënhage,"Eindhoven City Centre, Eindhoven",Monastery Mystery,"₹ 9,169",2480,8.6,Eindhoven City Centre, Eindhoven
Hotel Piet Hein Eek,"Strijp, Eindhoven",Small Double Room,"₹ 10,546",33,8.7,Strijp, Eindhoven
Pullman Eindhoven Cocagne,"Eindhoven City Centre, Eindhoven",Superior Twin Room,"₹ 12,818",500,8.7,Eindhoven City Centre, Eindhoven
NH Collection Eindhoven Centre,"Eindhoven City Centre, Eindhoven",Superior Twin/Double Room ,"₹ 13,634",500,8.7,Eindhoven City Centre, Eindhoven
Hotel La Reine,"Eindhoven City Centre, Eindhoven",Standard Twin Room,"₹ 5,633",1672,8.3,Eindhoven City Centre, Eindhoven
Winston B&B,"Eindhoven City Centre, Eindhoven",Double Room with Shared Bathroom,"₹ 5,715",785,8.2,Eindhoven City Centre, Eindhoven
3BE Backpackers Bed & Breakfast Eindhoven,"Eindhoven City Centre, Eindhoven",Single Bed in 14-Bed Dormitory Room,"₹ 6,035",805,8,Eindhoven City Centre, Eindhoven
Bastion Hotel Eindhoven Waalre,Eindhoven,Deluxe King Room,"₹ 6,205",500,8.1,Eindhoven,
B&B Landgoed De Grote Beek,"Woensel-Zuid, Eindhoven",Double Room,"₹ 6,384",1684,8.4,Woensel-Zuid, Eindhoven
Crown Hotel Eindhoven Centre,"Eindhoven City Centre, Eindhoven",Comfort Double Room,"₹ 6,632",500,8,Eindhoven City Centre, Eindhoven
Tulip Inn Eindhoven Airport,"Strijp, Eindhoven",Standard Twin Room,"₹ 6,692",500,8,Strijp, Eindhoven
Boutiquehotel Sycamore - Protected City View - Free Parking,"Tongelre, Eindhoven",Double Room with Private Bathroom,"₹ 6,910",500,8.4,Tongelre, Eindhoven
Boutique Hotel Lumiere,"Eindhoven City Centre, Eindhoven",Comfort Room without Daylight,"₹ 8,135",2915,8.4,Eindhoven City Centre, Eindhoven
Hotel Nassau,"Eindhoven City Centre, Eindhoven",Double Room,"₹ 8,262",914,8.1,Eindhoven City Centre, Eindhoven
"Holiday Inn Eindhoven Centre, an IHG Hotel","Eindhoven City Centre, Eindhoven",Standard Double or Twin Room,"₹ 8,952",500,8.4,Eindhoven City Centre, Eindhoven
Park Plaza Eindhoven,"Eindhoven City Centre, Eindhoven",Superior Double Room,"₹ 9,405",500,8,Eindhoven City Centre, Eindhoven
B&B Molenstreek,Groningen,Deluxe King Room,"₹ 8,083",500,9.5,Groningen,
Byonz,Groningen,Two-Bedroom House,"₹ 30,943",58,9.8,Groningen,
The Hogg House - a city delight for two,Groningen,One-Bedroom Apartment,"₹ 10,205",4,9,Groningen,
Hakuna Matata - 4p apartment Groningen Center,Groningen,One-Bedroom Apartment,"₹ 11,430",9,9.3,Groningen,
The Market Hotel,Groningen,Double Room,"₹ 12,736",500,9.1,Groningen,
Prinsenhof,Groningen,Superior Double Room,"₹ 14,451",1281,9.2,Groningen,
Pied à Terre Oostersingel UMCG,Groningen,One-Bedroom Apartment,"₹ 7,552",500,8.7,Groningen,
The Happy Traveler - Guesthouse Groningen,Groningen,Budget Double Room,"₹ 7,838",824,8.5,Groningen,
Hotel Miss Blanche,Groningen,Standard Double Room,"₹ 9,716",1292,8.8,Groningen,
Cosy Aquarium for a couple or friends,Groningen,One-Bedroom Apartment,"₹ 10,205",2,8.5,Groningen,
Asgard Hotel,Groningen,Double Room,"₹ 10,238",654,8.5,Groningen,
Van der Valk Hotel Groningen-Hoogkerk,Groningen,Standard Room,"₹ 10,695",500,8.7,Groningen,
Monumentaal vintage appartement,Groningen,Three-Bedroom Apartment,"₹ 11,267",80,8.5,Groningen,
Hotel Corps de Garde,Groningen,Comfort Room,"₹ 12,573",717,8.9,Groningen,
Bed & Breakfast De Barrels,Groningen,Deluxe Apartment,"₹ 15,614",181,8.7,Groningen,
Best Western Apartments Groningen Centre,Groningen,Apartment (6 Adults),"₹ 16,737",500,8.6,Groningen,
"Eco-Camping De Helleborus, Yurt, Bell & Safari tent, Pipo, Caravans, Dorms and Units",Groningen,Tent (2 Adults) Tiny T. ,"₹ 4,389",111,8.2,Groningen,
The Student Hotel Groningen,Groningen,Standard Queen Room,"₹ 6,458",500,8.4,Groningen,
Best Western Hotel Groningen Centre,Groningen,Standard Twin Room,"₹ 7,564",500,8.2,Groningen,
Best Western Plus Hotel Groningen Plaza,Groningen,Twin Room,"₹ 7,715",2590,8,Groningen,
City Hotel Groningen,Groningen,City Double or Twin Room,"₹ 8,156",500,8.2,Groningen,
The Jungle - duo studio with kingsize terrace,Groningen,One-Bedroom Apartment,"₹ 10,205",2,8,Groningen,
Neon Nights Studio,Groningen,One-Bedroom Apartment,"₹ 10,205",4,8.3,Groningen,
Boutique Hotel De Doelen,Groningen,Standard Double or Twin Room,"₹ 10,483",1859,8.2,Groningen,
Cessinas,Groningen,Double Room with Private Bathroom,"₹ 5,364",110,8,Groningen,
MAF Haarlem Boutique Hotel,Haarlem,Queen Room,"₹ 11,678",144,9,Haarlem,
B&B Het Hart van Haarlem,Haarlem,Deluxe Studio with Kitchen,"₹ 13,471",606,9.2,Haarlem,
Cavallaro Hotel,Haarlem,Deluxe Room,"₹ 16,676",31,9.1,Haarlem,
Haarlem zuid,Haarlem,One-Bedroom Apartment,"₹ 17,451",6,9.2,Haarlem,
Boutique Hotel 't Vosje,Haarlem,Superior Suite,"₹ 18,860",431,9,Haarlem,
the niu Dairy,Haarlem,Standard Double or Twin Room,"₹ 8,454",500,8.5,Haarlem,
Van der Valk Hotel Haarlem,Haarlem,Comfort Double Room,"₹ 9,148",500,8.6,Haarlem,
Hotel ML,Haarlem,Comfort Room,"₹ 10,614",883,8.6,Haarlem,
Haarlem 49,Haarlem,Twin Room with Private Bathroom,"₹ 10,781",144,8.6,Haarlem,
Hotel Lion D'Or,Haarlem,Classic Double or Twin Room,"₹ 10,781",2352,8.6,Haarlem,
Hôtel Frenchie,Haarlem,Deluxe Room,"₹ 13,185",172,8.9,Haarlem,
Boutiquehotel Staats,Haarlem,Deluxe Room,"₹ 13,798",713,8.9,Haarlem,
Brasss Hotel Suites,Haarlem,Junior Suite Amazon,"₹ 15,399",922,8.9,Haarlem,
Haarlem Hotel Suites,Haarlem,Suite Kleine Hout 4,"₹ 15,842",522,8.8,Haarlem,
Hotel De Zoete Inval Haarlemmerliede,Haarlem,Comfort Twin Room,"₹ 7,950",500,8.4,Haarlem,
Anegang Boutique Hotel,Haarlem,Economy Twin Room,"₹ 8,817",229,8.3,Haarlem,
Carlton Square Hotel,Haarlem,Standard Double or Twin Room,"₹ 10,287",1052,8.3,Haarlem,
The Guestroom - B&B,Haarlem,Queen Studio,"₹ 10,859",267,8.4,Haarlem,
Amrâth Grand Hotel Frans Hals,Haarlem,Deluxe Twin Room,"₹ 11,882",1730,8,Haarlem,
Haarlem Apart Hotel,Haarlem,Quadruple Room with Private Bathroom,"₹ 20,554",154,8.3,Haarlem,
Stayokay Hostel Haarlem,Haarlem,Bed in 6-Bed Mixed Dorm with Shower,"₹ 5,408",500,7.7,Haarlem,
Amadeus Hotel,Haarlem,Budget Double Room,"₹ 6,515",1281,7.7,Haarlem,
Ambassador City Centre Hotel,Haarlem,Comfort Room,"₹ 9,005",807,7.7,Haarlem,
Bed and Breakfast Haarlem 1001 Nacht,Haarlem,Luxury Quadruple Room,"₹ 12,487",748,7.8,Haarlem,
Hotel Carillon,Haarlem,Double Room with Shower,"₹ 7,368",542,5.5,Haarlem,
Hotel Bries Den Haag - Scheveningen,The Hague,Standard Suite,"₹ 10,568",303,9,The Hague,
COVE Centrum,"The Hague City Centre, The Hague",Studio Apartments,"₹ 10,454",451,9,The Hague City Centre, The Hague
La Paulowna Boutique Hotel,"The Hague City Centre, The Hague",Standard King Room,"₹ 11,642",500,9.3,The Hague City Centre, The Hague
Hotel Pistache Den Haag,"The Hague City Centre, The Hague",Standard Suite,"₹ 12,093",365,9.1,The Hague City Centre, The Hague
Boutique Hotel Havenkantoor,"Laak, The Hague",One-Bedroom Apartment,"₹ 13,182",7,9.1,Laak, The Hague
The Collector Hotel,"The Hague City Centre, The Hague",The Cabinet <double standard>,"₹ 13,745",3136,9.2,The Hague City Centre, The Hague
't Goude Hooft,"The Hague City Centre, The Hague",Deluxe Suite,"₹ 19,536",375,9,The Hague City Centre, The Hague
Stadsvilla Hotel Mozaic Den Haag,"The Hague City Centre, The Hague",Deluxe Double Room,"₹ 10,989",1299,8.9,The Hague City Centre, The Hague
Boutique Hotel First City,"The Hague City Centre, The Hague",Deluxe Double Room,"₹ 11,348",887,8.8,The Hague City Centre, The Hague
"voco The Hague, an IHG Hotel","The Hague City Centre, The Hague",Queen Room with Atrium View,"₹ 11,728",500,8.7,The Hague City Centre, The Hague
Boutique Hotel De Salon,"The Hague City Centre, The Hague",Superior King Room,"₹ 11,943",1018,8.8,The Hague City Centre, The Hague
Carlton Ambassador,"The Hague City Centre, The Hague",Standard Double Room,"₹ 12,332",500,8.5,The Hague City Centre, The Hague
Babylon Hotel Den Haag,"Haagse Hout, The Hague",Standard Twin Room,"₹ 12,462",500,8.5,Haagse Hout, The Hague
The Sunny Suite - R.Q.C.,"The Hague City Centre, The Hague",One-Bedroom Apartment,"₹ 12,981",46,8.8,The Hague City Centre, The Hague
Boutique Hotel Corona,"The Hague City Centre, The Hague",Comfort Room City View,"₹ 13,858",3337,8.5,The Hague City Centre, The Hague
"Hotel Indigo The Hague - Palace Noordeinde, an IHG Hotel","The Hague City Centre, The Hague",Standard Room,"₹ 13,961",500,8.8,The Hague City Centre, The Hague
Hotel Excelsior,The Hague,Standard Triple Room,"₹ 14,288",293,8.9,The Hague,
"Staybridge Suites The Hague - Parliament, an IHG Hotel","The Hague City Centre, The Hague",Studio Suite Queen Bed,"₹ 15,839",500,8.7,The Hague City Centre, The Hague
Mövenpick Hotel The Hague,"The Hague City Centre, The Hague",Classic King Room,"₹ 16,827",1000,8.9,The Hague City Centre, The Hague
Hotel Broer & Zus,"The Hague City Centre, The Hague",Two-Bedroom Suite,"₹ 18,811",16,8.5,The Hague City Centre, The Hague
The Student Hotel The Hague,"The Hague City Centre, The Hague",Executive Queen Room,"₹ 5,704",500,8.3,The Hague City Centre, The Hague
En Suite,"Segbroek, The Hague",Double Room,"₹ 6,422",455,8,Segbroek, The Hague
Staten Hotel,The Hague,Double or Twin Room,"₹ 7,756",484,8.2,The Hague,
Riva hotel Den Haag - Delft,The Hague,Standard Double Room,"₹ 8,112",2125,8.4,The Hague,
Park Centraal Den Haag,"The Hague City Centre, The Hague",Comfort Double,"₹ 8,838",500,8.3,The Hague City Centre, The Hague
NinetyNine Amsterdam Airport,Hoofddorp,Double Room,"₹ 8,377",751,8.5,Hoofddorp,
Executive Residency by Best Western Amsterdam Airport,Hoofddorp,Comfort Double Room with Kitchenette,"₹ 9,103",994,8.5,Hoofddorp,
Novotel Amsterdam Schiphol Airport,Hoofddorp,Standard Room with Double Bed and One Sofa Bed,"₹ 11,022",500,8.5,Hoofddorp,
Hyatt Place Amsterdam Airport,Hoofddorp,King Room,"₹ 11,173",500,8.5,Hoofddorp,
Maxhotel Amsterdam Airport Schiphol,Hoofddorp,Small Double Room,"₹ 6,776",500,8,Hoofddorp,
IntercityHotel Amsterdam Airport,Hoofddorp,Double Room,"₹ 8,243",40,8.4,Hoofddorp,
Moxy Amsterdam Schiphol Airport,Hoofddorp,MOXY Sleeper Queen,"₹ 8,736",349,8.3,Hoofddorp,
The Florian Amsterdam Airport,Hoofddorp,Double Room,"₹ 8,744",500,8.4,Hoofddorp,
NH Amsterdam Schiphol Airport,Hoofddorp,Standard Double or Twin Room,"₹ 9,062",500,8.4,Hoofddorp,
Hampton by Hilton Amsterdam Airport Schiphol,Hoofddorp,Double Room,"₹ 9,438",2683,8,Hoofddorp,
Courtyard by Marriott Amsterdam Airport,Hoofddorp,Standard Queen Room with Two Queen Beds,"₹ 10,581",754,8.1,Hoofddorp,
Van der Valk Hotel A4 Schiphol,Hoofddorp,Superior Twin Room,"₹ 10,869",3753,8.3,Hoofddorp,
Wim's Place Amsterdam Airport / Hoofddorp,Hoofddorp,Deluxe Double Room (2 Adults + 1 Child),"₹ 38,780",500,8.2,Hoofddorp,
Floriande Bed & Breakfast,Hoofddorp,Deluxe Room,"₹ 6,123",138,7.6,Hoofddorp,
Bastion Hotel Amsterdam Airport,Hoofddorp,Deluxe Twin Room,"₹ 8,083",500,7.6,Hoofddorp,
"Holiday Inn Express Amsterdam - Schiphol, an IHG Hotel",Hoofddorp,Standard Double or Twin,"₹ 10,214",1842,7.8,Hoofddorp,
Hotel De Beurs,Hoofddorp,Business Double Room,"₹ 11,430",557,7.7,Hoofddorp,
Best Western Plus Amsterdam Airport Hotel,Hoofddorp,Deluxe Twin Room,"₹ 7,674",500,7.1,Hoofddorp,
Bastion Hotel Schiphol Hoofddorp,Hoofddorp,Comfort Twin Room,"₹ 6,858",500,6.9,Hoofddorp,
Cosy Cityhouse Leeuwarden,Leeuwarden,One-Bedroom House,"₹ 10,189",142,9.1,Leeuwarden,
B&B De Olde Signorie,Leeuwarden,Triple Room,"₹ 13,498",500,9.4,Leeuwarden,
Post-Plaza Hotel & Grand Café,Leeuwarden,Comfort Twin Room,"₹ 8,465",2474,8.8,Leeuwarden,
Van der Valk Hotel Leeuwarden,Leeuwarden,Deluxe Twin Room,"₹ 9,148",1039,8.9,Leeuwarden,
Stadslogies in Leeuwarden,Leeuwarden,Deluxe Double Studio,"₹ 9,389",375,8.7,Leeuwarden,
B&B De Dream,Leeuwarden,Deluxe Single Room,"₹ 11,913",500,8.9,Leeuwarden,
Guesthouse De Kleyne Sint Jacob,Leeuwarden,Double Room with Terrace,"₹ 6,662",40,8.3,Leeuwarden,
WestCord WTC Hotel Leeuwarden,Leeuwarden,Comfort Room,"₹ 8,144",500,8.3,Leeuwarden,
Oranje Hotel Leeuwarden,Leeuwarden,Standard Room,"₹ 8,337",1725,8.4,Leeuwarden,
Hotel & Restaurant Weidumerhout,Leeuwarden,Superior Double Room with Shower / Bath,"₹ 9,797",500,8.3,Leeuwarden,
Boutique hotel WKNDS,Leeuwarden,Deluxe Twin Room,"₹ 9,915",482,8.1,Leeuwarden,
In de Brouwerij,Leeuwarden,Superior Double Room,"₹ 10,610",264,8.4,Leeuwarden,
City Penthouse Mademoiselle Anna Louise,Leeuwarden,Penthouse Apartment,"₹ 11,639",500,8.4,Leeuwarden,
City House Grande Madame Agaath,Leeuwarden,Deluxe Two-Bedroom Apartment,"₹ 13,332",500,8,Leeuwarden,
Bastion Hotel Leeuwarden,Leeuwarden,Comfort Twin Room,"₹ 7,266",500,7.6,Leeuwarden,
City Boutique Ster Logies Leeuwarden De Roos,Leeuwarden,Small Comfort Twin Room,"₹ 7,759",500,7.6,Leeuwarden,
Eurohotel,Leeuwarden,Standard Double Room,"₹ 8,426",2662,7.5,Leeuwarden,
Fletcher Hotel Paleis Stadhouderlijk Hof,Leeuwarden,Comfort Double Room with Shower,"₹ 10,532",2394,7.4,Leeuwarden,
Studio in the city center of Leeuwarden,Leeuwarden,One-Bedroom Apartment,"₹ 4,303",71,6.7,Leeuwarden,
Op de woonboot in Leeuwarden!,Leeuwarden,Two-Bedroom House,"₹ 7,215",,,Leeuwarden,
Dormio Resort Maastricht Castellum Apartments,Maastricht,One-Bedroom Apartment,"₹ 18,533",3,9.7,Maastricht,
BEAUMONT Maastricht,"Wijck, Maastricht",New Deluxe Room,"₹ 31,677",948,8.5,Wijck, Maastricht
Bourgogne Suite Maastricht,"Wijck, Maastricht",Deluxe Double Room superior,"₹ 34,428",500,8.9,Wijck, Maastricht
The Green Elephant Hostel & Spa,"Wijck, Maastricht",Private Pod in Mixed Dormitory Room,"₹ 11,806",1864,8.4,Wijck, Maastricht
Stayokay Hostel Maastricht,"Jekerkwartier, Maastricht",6 Person Room with Private Bathroom and Shower,"₹ 14,696",500,8.3,Jekerkwartier, Maastricht
Dormio Resort Maastricht Apartments,Maastricht,Comfort One-Bedroom Apartment,"₹ 15,443",967,8.4,Maastricht,
Dormio Hotel De Prins van Oranje,Maastricht,Deluxe Twin Room,"₹ 18,459",1149,8.3,Maastricht,
Dormio Resort Maastricht,Maastricht,Comfort Two-Bedroom House,"₹ 20,569",715,8.2,Maastricht,
Townhouse Apartments,"Wijck, Maastricht",Large Studio Apartment,"₹ 22,048",500,8.1,Wijck, Maastricht
Kaboom Hotel Maastricht,"Wijck, Maastricht",Comfort Quadruple Room,"₹ 22,725",3193,8.1,Wijck, Maastricht
easyHotel Maastricht City Centre,"Maastricht City Centre, Maastricht",Triple Room,"₹ 24,819",3576,8,Maastricht City Centre, Maastricht
"city Apartment ""Op de Thermen""","Maastricht City Centre, Maastricht",Two-Bedroom Apartment,"₹ 30,616",98,8.2,Maastricht City Centre, Maastricht
Hotel Monastère Maastricht,"Boschstraatkwartier, Maastricht",Twin Room,"₹ 32,443",3772,8,Boschstraatkwartier, Maastricht
Townhouse Design Hotel & Spa,"Wijck, Maastricht",Large Double Room,"₹ 23,440",2655,7.9,Wijck, Maastricht
Bastion Hotel Maastricht Centrum,"Boschstraatkwartier, Maastricht",Deluxe King Room,"₹ 25,228",500,7.5,Boschstraatkwartier, Maastricht
Derlon Hotel Maastricht,"Maastricht City Centre, Maastricht",Deluxe Twin or Double Room,"₹ 33,970",1223,7.9,Maastricht City Centre, Maastricht
NH Maastricht,"Randwijck, Maastricht",Standard Double or Twin Room,"₹ 52,252",500,7.9,Randwijck, Maastricht
"Crowne Plaza Maastricht, an IHG Hotel","Wijck, Maastricht",Executive King Room,"₹ 53,439",2510,7.6,Wijck, Maastricht
Botel Maastricht,"Jekerkwartier, Maastricht",Family Room (6 Adults) with Shared Shower and Toilet,"₹ 30,534",1342,6.7,Jekerkwartier, Maastricht
Bed & Breakfast Adrichem en Scherpenseel,Middelburg,Forsyth,"₹ 10,385",232,9.2,Middelburg,
B&B Montancourt-Middelburg,Middelburg,Twin Room,"₹ 10,614",372,9,Middelburg,
Logement 't Oude Bierhuys,Middelburg,Double Room,"₹ 11,022",817,9.1,Middelburg,
Logies aan de Dam,Middelburg,Deluxe Room,"₹ 11,430",3,9.3,Middelburg,
B&B 't Poorthuys,Middelburg,Junior Suite,"₹ 11,512",651,9.4,Middelburg,
Budget Hotel Le Beau Rivage,Middelburg,Small Double Room with Shower ,"₹ 12,165",394,9.3,Middelburg,
Hotel Le Beau Rivage,Middelburg,Superior Double Room,"₹ 15,920",278,9.2,Middelburg,
Boutique Hotel De Vier Patriciërs,Middelburg,Deluxe Room,"₹ 20,329",192,9.3,Middelburg,
Hotel Bruno,Middelburg,Budget Twin Room,"₹ 6,940",528,8.6,Middelburg,
Studio 82 b,Middelburg,One-Bedroom Apartment,"₹ 7,095",51,8.5,Middelburg,
Studio 82 a,Middelburg,One-Bedroom Apartment,"₹ 8,487",64,8.5,Middelburg,
Cleen Rochelle,Middelburg,Deluxe Studio,"₹ 8,899",78,8.5,Middelburg,
Stadsstudio 't Stadshuys in hartje Middelburg,Middelburg,One-Bedroom Apartment,"₹ 9,552",5,8.6,Middelburg,
Logement de Spaerpot,Middelburg,Double Room with Private Bathroom,"₹ 9,797",164,8.9,Middelburg,
Loskade 45,Middelburg,Deluxe Double Room with Balcony,"₹ 12,165",1050,8.9,Middelburg,
ApartHotel Waepen van Middelburg,Middelburg,Deluxe King Studio,"₹ 12,246",500,8.9,Middelburg,
bednextdoor,Middelburg,Deluxe Double Studio,"₹ 12,246",234,8.8,Middelburg,
Van der Valk Hotel Middelburg,Middelburg,Standard Twin Room,"₹ 14,206",1315,8.8,Middelburg,
Hotel Brasserie de Huifkar,Middelburg,Double Room with City View,"₹ 10,032",326,8.1,Middelburg,
De Kaepstander,Middelburg,Double Room with Private Bathroom,"₹ 12,002",281,8.4,Middelburg,
Hotel en privé-wellness De Nieuwe Doelen,Middelburg,Superior Double Room,"₹ 13,879",1312,8.2,Middelburg,
Hotel Middelburg,Middelburg,Twin Room,"₹ 10,894",1240,7.7,Middelburg,
Fletcher Hotel-Restaurant Middelburg,Middelburg,Small Double Room,"₹ 12,165",947,7.2,Middelburg,
Fletcher Hotel-Restaurant Arneville-Middelburg,Middelburg,Double Room,"₹ 12,981",500,7.3,Middelburg,
Verrassende Loft BNB centrum Middelburg,Middelburg,Three-Bedroom Apartment,"₹ 17,250",1,5,Middelburg,
Hotel Oranjestaete,Nijmegen,Studio - Souterrain,"₹ 9,797",1021,9.2,Nijmegen,
Hotel Sleep-Inn Box 5,Nijmegen,Double Room,"₹ 12,246",520,9.2,Nijmegen,
Boutique Hotel Straelman,Nijmegen,Double Room,"₹ 13,798",324,9.4,Nijmegen,
B&B Stadsoase Nijmegen,Nijmegen,Two-Bedroom House,"₹ 24,493",42,9.3,Nijmegen,
Van der Valk Hotel Nijmegen-Lent,Nijmegen,Standard Double Room,"₹ 10,042",500,8.8,Nijmegen,
Blue Inspired by Manna,Nijmegen,Small Double Room,"₹ 11,348",1081,8.7,Nijmegen,
Manna,Nijmegen,Studio S Charity,"₹ 12,165",388,8.7,Nijmegen,
B&B Appartementen Smedery,Nijmegen,Deluxe Apartment,"₹ 12,246",57,8.6,Nijmegen,
Studio RoSa,Nijmegen,Studio Apartment,"₹ 7,330",86,8.3,Nijmegen,
Van der Valk Cuijk - Nijmegen,Nijmegen,Comfort Room,"₹ 7,960",500,8.1,Nijmegen,
Mercure Hotel Nijmegen Centre,Nijmegen,Standard Double Room,"₹ 9,307",1343,8.2,Nijmegen,
Hotel Credible,Nijmegen,Budget Double Room,"₹ 13,496",935,8.4,Nijmegen,
Sanadome Nijmegen,Nijmegen,Deluxe Double or Twin Room with Spa Access,"₹ 15,920",725,8,Nijmegen,
Bastion Hotel Nijmegen,Nijmegen,Deluxe King Room,"₹ 8,491",500,7.8,Nijmegen,
Hotel Courage Waalkade,Nijmegen,Standard Room with Park View,"₹ 8,654",1467,7.7,Nijmegen,
Hotel Pauw,Nijmegen,Budget Twin Room,"₹ 9,879",368,7.8,Nijmegen,
Hotel de Prince,Nijmegen,Premium Double Room,"₹ 10,668",500,7.8,Nijmegen,
Hotel De Gulden Waagen,Nijmegen,Double Room,"₹ 19,594",500,7.8,Nijmegen,
De Hemel De Kracht van Ambacht,Nijmegen,Junior Suite,"₹ 8,328",94,7,Nijmegen,
Apollo Hotel,Nijmegen,Twin Room,"₹ 8,981",1172,7.4,Nijmegen,
B&B N10,Roermond,Deluxe King Room,"₹ 11,348",500,9.6,Roermond,
De Pastorie Bed & Breakfast,Roermond,Twin Room,"₹ 8,550",923,9.2,Roermond,
B&B De Hofnar Roermond,Roermond,Standard Twin Room,"₹ 8,573",509,9.1,Roermond,
Grand Hotel Valies,Roermond,Comfort Triple Room with Shower,"₹ 13,389",3288,9.1,Roermond,
Het Arresthuis,Roermond,Comfort Double Room,"₹ 15,839",500,9.4,Roermond,
Kasteeltje Hattem,Roermond,Junior Suite,"₹ 16,247",240,9.3,Roermond,
Hotel Dux,Roermond,Executive Double Room,"₹ 16,655",1232,9.2,Roermond,
Hotel Restaurant Café Parkzicht,Roermond,Double Room,"₹ 6,662",694,8.9,Roermond,
B&B Willem II,Roermond,Twin Room with Private Bathroom,"₹ 8,613",1118,8.8,Roermond,
BBDeStaete,Roermond,King Room with Balcony,"₹ 9,924",107,8.8,Roermond,
Nero Office Hotel & City Café,Roermond,Standard Double or Twin Room,"₹ 10,306",507,8.5,Roermond,
De Oolderhof,Roermond,Junior Suite,"₹ 10,777",992,8.7,Roermond,
Hotel Roermond,Roermond,Suite,"₹ 12,655",3272,8.7,Roermond,
Hotel en Grand Café De Pauw,Roermond,Standard Double Room,"₹ 7,756",765,8,Roermond,
Hotel Roermond Next Door,Roermond,Comfort Twin Room,"₹ 7,756",1088,8,Roermond,
Hotel de Abdij,Roermond,Triple Room,"₹ 11,838",846,8.1,Roermond,
Van der Valk TheaterHotel De Oranjerie,Roermond,Comfort Double or Twin Room,"₹ 13,716",500,8.3,Roermond,
De Roermondse beleving,Roermond,Twin Room with Shower,"₹ 6,565",500,7.7,Roermond,
Hotel Asselt,Roermond,Standard Twin Room,"₹ 8,409",782,7.4,Roermond,
Fletcher Landhotel Bosrijk Roermond,Roermond,Small Double Room,"₹ 8,491",942,6.5,Roermond,
Bed and Breakfast Rotterdam,"Delfshaven, Rotterdam",Double Room with Private External Bathroom,"₹ 6,794",244,9.1,Delfshaven, Rotterdam
Hotel âme,"Centrum, Rotterdam",Small Basic Room,"₹ 8,862",167,9.1,Centrum, Rotterdam
Suitehotel Pincoffs,"Feijenoord, Rotterdam",Double Room with Mezzanine,"₹ 10,781",500,9,Feijenoord, Rotterdam
"Bed, Bites & Business Hotel Rotterdam","Feijenoord, Rotterdam",Double Room with Balcony,"₹ 12,854",500,9.2,Feijenoord, Rotterdam
Sparks Hostel,"Centrum, Rotterdam",Comfort Quadruple Room,"₹ 15,186",1635,9,Centrum, Rotterdam
Wikkelboat Nr1 at Floating Rotterdam Rijnhaven,"Feijenoord, Rotterdam",Two-Bedroom House,"₹ 19,542",500,9.2,Feijenoord, Rotterdam
Wikkelboat Nr5 at Floating Rotterdam Rijnhaven,"Feijenoord, Rotterdam",Three-Bedroom House,"₹ 36,489",500,9,Feijenoord, Rotterdam
CityHub Rotterdam,"Centrum, Rotterdam",Hub,"₹ 5,925",500,8.8,Centrum, Rotterdam
B&B Unitas,"Feijenoord, Rotterdam",Standard Twin Room,"₹ 6,260",184,8.8,Feijenoord, Rotterdam
The James Rotterdam,"Centrum, Rotterdam",Economy Double Room,"₹ 7,058",6631,8.8,Centrum, Rotterdam
Room Mate Bruno,"Feijenoord, Rotterdam",Basic Room Double or Twin Room,"₹ 8,370",500,8.7,Feijenoord, Rotterdam
Savoy Hotel Rotterdam,"Centrum, Rotterdam",Double Room,"₹ 8,706",500,8.5,Centrum, Rotterdam
Hotel New York,"Feijenoord, Rotterdam",Double Room with Courtyard View,"₹ 9,542",500,8.7,Feijenoord, Rotterdam
Supernova Hotel,"Centrum, Rotterdam",Standard Double Room,"₹ 9,675",1000,8.9,Centrum, Rotterdam
Hotel Unplugged,"Centrum, Rotterdam",Standard Double Room,"₹ 10,532",1723,8.5,Centrum, Rotterdam
"The Slaak Rotterdam, a Tribute Portfolio Hotel","Kralingen-Crooswijk, Rotterdam",Standard King Room,"₹ 11,034",1036,8.7,Kralingen-Crooswijk, Rotterdam
citizenM Rotterdam,"Centrum, Rotterdam",King Room,"₹ 11,348",500,8.8,Centrum, Rotterdam
PREMIER SUITES PLUS Rotterdam,"Centrum, Rotterdam",One-Bedroom Apartment,"₹ 11,597",500,8.9,Centrum, Rotterdam
Hotel Van Walsum,"Centrum, Rotterdam",Comfort Double or Twin Room,"₹ 11,757",500,8.5,Centrum, Rotterdam
Hostel ROOM Rotterdam,"Centrum, Rotterdam",Family Room with Balcony and Shared Bathroom,"₹ 13,722",1360,8.5,Centrum, Rotterdam
Boathotel Rotterdam Wilhelmina,"Centrum, Rotterdam",Apartment,"₹ 27,481",22,8.6,Centrum, Rotterdam
The Student Hotel Rotterdam,"Kralingen-Crooswijk, Rotterdam",Standard Double,"₹ 5,486",500,8.3,Kralingen-Crooswijk, Rotterdam
Hotel Breitner,"Centrum, Rotterdam",Standard Double Room,"₹ 5,573",500,8.3,Centrum, Rotterdam
ss Rotterdam Hotel en Restaurants,"Feijenoord, Rotterdam",Twin Standard,"₹ 6,539",500,8.3,Feijenoord, Rotterdam
Stayokay Hostel Rotterdam,"Centrum, Rotterdam",Twin Room with Private Bathroom and Shower,"₹ 7,558",500,8,Centrum, Rotterdam
Boulevard Hotel Scheveningen,Scheveningen,Comfort Twin Room with Shower,"₹ 12,042",1586,8.6,Scheveningen,
Ramada The Hague Scheveningen,Scheveningen,Standard Twin Room,"₹ 12,900",500,8.5,Scheveningen,
Aquarius Hotel,Scheveningen,Comfort Double Room,"₹ 13,063",2458,8.5,Scheveningen,
Hotel De Stern,Scheveningen,Budget Double Room,"₹ 10,614",550,8.3,Scheveningen,
Fletcher Hotel-Restaurant Scheveningen,Scheveningen,Double Room,"₹ 11,757",937,8,Scheveningen,
limehome Den Haag Keizerstraat,Scheveningen,Suite,"₹ 12,573",500,8.4,Scheveningen,
Inntel Hotels Den Haag Marina Beach,Scheveningen,City Twin Room,"₹ 13,063",1801,8.1,Scheveningen,
De Pier Suites,Scheveningen,Penthouse Room with Beach View,"₹ 16,084",1567,8.4,Scheveningen,
Sea Breeze loft apartment II,Scheveningen,One-Bedroom Apartment,"₹ 21,962",22,8.3,Scheveningen,
easyHotel The Hague Scheveningen Beach,Scheveningen,Standard Double Room,"₹ 8,491",3724,7.6,Scheveningen,
Badhotel Scheveningen,Scheveningen,Standard Twin Room,"₹ 10,042",3750,7.6,Scheveningen,
Carlton Beach,Scheveningen,Double Room with Balcony,"₹ 12,410",500,7.7,Scheveningen,
Jordans Residence,Scheveningen,Studio with Sea View,"₹ 14,777",610,7.6,Scheveningen,
Hotel Albion,Scheveningen,Deluxe Twin Room,"₹ 19,472",324,7.6,Scheveningen,
Hotel Andante aan Zee,Scheveningen,Double Room,"₹ 9,405",4276,7.2,Scheveningen,
ibis Styles Den Haag Scheveningen,Scheveningen,Standard Room,"₹ 10,532",1218,7.4,Scheveningen,
Bilderberg Europa Hotel Scheveningen,Scheveningen,Comfort Double Room,"₹ 12,165",500,7.1,Scheveningen,
Hotel 't Sonnehuys,Scheveningen,Double Room,"₹ 13,961",247,7.2,Scheveningen,
Grand Hotel Amrâth Kurhaus The Hague Scheveningen,Scheveningen,Superior Double Room,"₹ 15,680",7748,7.2,Scheveningen,
Hotel 't Witte Huys Scheveningen,Scheveningen,Double Room,"₹ 15,022",758,6.6,Scheveningen,
New City Hotel Scheveningen,Scheveningen,Standard Double Room,"₹ 9,797",1149,6.2,Scheveningen,
Ben's Boutique Hotel,Scheveningen,Standard Double Room,"₹ 10,695",91,6.4,Scheveningen,
Slapen onder de Dom,"City Centre, Utrecht",Deluxe Double Room,"₹ 12,246",136,9.3,City Centre, Utrecht
Logement Swaenenvecht,Utrecht,Deluxe Double Room,"₹ 11,838",425,9,Utrecht,
Werfkelder aan de Oudegracht,"City Centre, Utrecht",Apartment,"₹ 13,308",500,9.3,City Centre, Utrecht
Logement Petit Beijers,"City Centre, Utrecht",Superior Double Room,"₹ 12,736",362,9.4,City Centre, Utrecht
MUZE Hotel Utrecht,"City Centre, Utrecht",Deluxe Double Room with Bath,"₹ 13,471",418,9.3,City Centre, Utrecht
The Nox Hotel,"City Centre, Utrecht",Small Double Room,"₹ 13,471",351,9,City Centre, Utrecht
Hotel Beijers,"City Centre, Utrecht",Standard Double Room,"₹ 14,696",724,9.2,City Centre, Utrecht
Stayokay Hostel Utrecht Centrum,"City Centre, Utrecht",Comfort Double with Private Bathroom and Shower,"₹ 9,307",500,8.5,City Centre, Utrecht
Eye Hotel,"City Centre, Utrecht",Small Double Room,"₹ 10,936",500,8.7,City Centre, Utrecht
Van der Valk Hotel Utrecht,"Zuidwest, Utrecht",Comfort Double Room,"₹ 11,226",500,8.6,Zuidwest, Utrecht
Inntel Hotels Utrecht Centre,"City Centre, Utrecht",City Double Room,"₹ 11,757",3803,8.5,City Centre, Utrecht
The Hunfeld,"City Centre, Utrecht",Small Double Room,"₹ 11,906",903,8.7,City Centre, Utrecht
Brass,"City Centre, Utrecht",Superior King Room,"₹ 13,167",508,8.6,City Centre, Utrecht
Mother Goose Hotel,"City Centre, Utrecht",Small Double Room,"₹ 13,798",500,8.9,City Centre, Utrecht
Hotel Simple,"City Centre, Utrecht",Deluxe Suite,"₹ 13,226",787,8.7,City Centre, Utrecht
B&B Utrecht Domkwartier,"City Centre, Utrecht",Large Double Room,"₹ 14,461",241,8.7,City Centre, Utrecht
Hotel Museumkwartier Utrecht,"City Centre, Utrecht",Twin Room with City View,"₹ 14,614",656,8.8,City Centre, Utrecht
Grand Hotel Karel V,"City Centre, Utrecht",Standard Double or Twin Room,"₹ 15,597",500,8.9,City Centre, Utrecht
Strowis Hostel,"City Centre, Utrecht",Standard Twin Room with Shared Bathroom,"₹ 7,772",555,8.2,City Centre, Utrecht
Carlton President,"West, Utrecht",Standard Twin Room,"₹ 9,552",500,8.4,West, Utrecht
Moxy Utrecht,"Zuid, Utrecht",Queen Room,"₹ 9,079",895,8.4,Zuid, Utrecht
BUNK Hotel Utrecht,"City Centre, Utrecht",Bunk Room,"₹ 9,797",3250,8.4,City Centre, Utrecht
City Center Lodge Utrecht,Utrecht,bunk,"₹ 10,205",265,8.2,Utrecht,
Hotel Mitland,"Noordoost, Utrecht",Deluxe Double Room Ground Floor,"₹ 10,836",500,8.3,Noordoost, Utrecht
Hampton By Hilton Utrecht Centraal Station,"City Centre, Utrecht",Queen Room,"₹ 11,430",500,8.4,City Centre, Utrecht
Vakantiewoning Valkenburg,Valkenburg,Two-Bedroom Apartment,"₹ 10,369",500,9.2,Valkenburg,
Appartementen Leonardus,Valkenburg,One-Bedroom Apartment,"₹ 11,348",612,9.1,Valkenburg,
Villa R einald,Valkenburg,Deluxe King Room,"₹ 13,838",22,9.1,Valkenburg,
Pension Auberge de Dael,Valkenburg,Double Room with Private Bathroom,"₹ 8,899",556,8.5,Valkenburg,
Hotel De Wilde Kriek - before De Karsteboom,Valkenburg,Small Double Room,"₹ 9,797",524,8.6,Valkenburg,
Boutique Hotel Scheepers,Valkenburg,Economy Double Room,"₹ 13,838",1125,8.6,Valkenburg,
De Heek,Valkenburg,Comfort Double Room with Shower,"₹ 15,675",346,8.6,Valkenburg,
Château St. Gerlach,Valkenburg,One-Bedroom Apartment,"₹ 25,228",500,8.6,Valkenburg,
Huis Ter Geul,Valkenburg,Double Room,"₹ 7,838",500,8.1,Valkenburg,
Hotel Valkenburg by Mercure,Valkenburg,Comfort Double Room,"₹ 10,287",2760,8.1,Valkenburg,
Hotel Hulsman,Valkenburg,Standard Double Room with Rain Shower,"₹ 11,022",993,8.4,Valkenburg,
Hampshire Hotel – Voncken Valkenburg,Valkenburg,Double Room,"₹ 14,696",753,8,Valkenburg,
Hotel Lahaye,Valkenburg,Standard Double Room with Shared Bathroom,"₹ 4,490",903,7.7,Valkenburg,
Grand Hotel Monopole,Valkenburg,Comfort Double Room,"₹ 7,348",988,7.9,Valkenburg,
Dormio Wijnhotel Valkenburg,Valkenburg,Standard Queen Room,"₹ 8,083",739,7.6,Valkenburg,
Hotel Dupuis,Valkenburg,Quadruple Room with Bunk Beds and Shared Bathroom,"₹ 10,695",611,7.9,Valkenburg,
Mimosa Hotel,Valkenburg,Standard Double Room with Shared Bathroom,"₹ 10,777",542,7.6,Valkenburg,
Hotel de L'Empereur,Valkenburg,Standard Double Room,"₹ 11,838",38,7.9,Valkenburg,
Atlas Hotel,Valkenburg,Classic Double Room,"₹ 13,063",2102,7.8,Valkenburg,
Hotel La Casa,Valkenburg,Family Room,"₹ 14,892",827,7.8,Valkenburg,
Hotel Atlanta,Valkenburg,Standard Double Room,"₹ 16,818",1355,7.9,Valkenburg,
Parkhotel Valkenburg,Valkenburg,Standard Double Room,"₹ 19,908",500,7.8,Valkenburg,
Hotel Rido,Valkenburg,Twin Room with Shared Bathroom,"₹ 5,715",241,7.3,Valkenburg,
Hotel Schaepkens van St Fijt,Valkenburg,Standard Double Room,"₹ 13,961",500,7,Valkenburg,
Hotel Gaudi,Valkenburg,Budget Double Room with Shared Bathroom,"₹ 8,368",386,6.8,Valkenburg,
Zeilschip Lucia,Vlissingen,Mobile Home,"₹ 17,635",5,9.6,Vlissingen,
De Gevangentoren Suite,Vlissingen,Deluxe Suite with Sea View,"₹ 33,624",172,9.5,Vlissingen,
Westerschelde B&B,Vlissingen,Double Room with Balcony (2 Adults + 1 Child),"₹ 8,151",500,9.2,Vlissingen,
Anna van Chiel,Vlissingen,Junior Suite,"₹ 12,619",43,9.3,Vlissingen,
Hotel de Timmerfabriek I Kloeg Collection,Vlissingen,Court Lodge,"₹ 13,052",500,8.6,Vlissingen,
La vie Est Belle Vlissingen,Vlissingen,Two-Bedroom Chalet,"₹ 14,813",500,8.7,Vlissingen,
"Rijksmonument Havenzicht, met zeezicht, ligging direct aan zee en centrum",Vlissingen,Six-Bedroom House,"₹ 32,135",,8.5,Vlissingen,
Bed & Breakfast House of Grace,Vlissingen,Double Room with Private Bathroom,"₹ 8,817",13,8.4,Vlissingen,
Boutique Hotel Lupo,Vlissingen,Small Double Room,"₹ 11,348",431,8.4,Vlissingen,
Belgische Loodsensociëteit,Vlissingen,Double Room with City View,"₹ 11,561",500,8,Vlissingen,
Mo's place,Vlissingen,One-Bedroom Apartment,"₹ 12,462",21,8,Vlissingen,
Fletcher Hotel-Restaurant Arion-Vlissingen,Vlissingen,Deluxe Double Room,"₹ 17,063",2958,8,Vlissingen,
"Appartement Havenzicht, gelegen aan zee met zeezicht",Vlissingen,Apartment with Sea View,"₹ 25,081",,8.2,Vlissingen,
Stad & Strandhotel Elisabeth,Vlissingen,Double Room with Private External Bathroom,"₹ 8,935",913,7.7,Vlissingen,
Hotel Restaurant Piccard,Vlissingen,Standard Double Room (Pets not Allowed),"₹ 10,424",784,7.6,Vlissingen,
Stadshotel Vlissingen,Vlissingen,Standard Double Room,"₹ 10,654",345,7.7,Vlissingen,
Hotelboot Koningin Emma I Kloeg Collection,Vlissingen,Deluxe Room,"₹ 12,889",500,7.5,Vlissingen,
Hotel Truida,Vlissingen,Twin Room with City View (Elevator access),"₹ 13,879",658,7.7,Vlissingen,
B&B by the C,Vlissingen,Deluxe King Room,"₹ 8,112",78,7.3,Vlissingen,
City Hostel Vlissingen,Vlissingen,Comfort Quadruple Room,"₹ 12,697",573,7.3,Vlissingen,
City2Beach Hotel,Vlissingen,Comfort Twin Room,"₹ 14,108",754,7.3,Vlissingen,
Bed & Breakfast Vlissingen,Vlissingen,Double Room with Shared Bathroom,"₹ 5,142",1167,6.9,Vlissingen,
Uniek verblijf aan zee,Vlissingen,Caravan,"₹ 9,876",15,6.9,Vlissingen,
Hotel De Leugenaar,Vlissingen,Twin Room with City View,"₹ 11,757",715,6.9,Vlissingen,
Cosy sailingboat in Vlissingen,Vlissingen,Mobile Home,"₹ 9,797",6,3.7,Vlissingen,
2-persoons Hotellodge,Voorthuizen,One-Bedroom Apartment,"₹ 10,614",3,9,Voorthuizen,
The Black Oak - Luxe bungalow met prive sauna,Voorthuizen,Two-Bedroom House,"₹ 17,635",27,9.4,Voorthuizen,
Bunckman 10 pers. bungalow,Voorthuizen,Five-Bedroom Apartment,"₹ 24,411",18,8.5,Voorthuizen,
Voorde 16 pers. bungalow,Voorthuizen,Eight-Bedroom Apartment,"₹ 44,087",2,8.5,Voorthuizen,
Hotel de Boshoek,Voorthuizen,Twin Room with Private Bathroom,"₹ 8,501",567,8.5,Voorthuizen,
Studio Recreatiepark De Boshoek-5,Voorthuizen,Studio,"₹ 7,593",3,8.3,Voorthuizen,
Studio Recreatiepark De Boshoek-2,Voorthuizen,Studio,"₹ 7,593",8,8.4,Voorthuizen,
Studio Recreatiepark De Boshoek-4,Voorthuizen,Studio,"₹ 7,593",1,8,Voorthuizen,
Ruim en fris chalet aan de bosrand,Voorthuizen,Two-Bedroom Chalet,"₹ 7,446",1,8,Voorthuizen,
4 pers. Veluwelodge met Sauna,Voorthuizen,Two-Bedroom Apartment,"₹ 12,736",1,8,Voorthuizen,
Landgoed De Ijsvogel,Voorthuizen,Double Room,"₹ 15,024",500,8,Voorthuizen,
2 2-persoons Hotel kamer,Voorthuizen,Two-Bedroom Apartment,"₹ 18,288",1,8,Voorthuizen,
Studio Recreatiepark De Boshoek-6,Voorthuizen,Studio,"₹ 7,593",3,7.7,Voorthuizen,
6-persoons Veluwe Villa,Voorthuizen,Three-Bedroom Villa,"₹ 12,900",4,7.8,Voorthuizen,
Wellness Lodges x De IJsvogel,Voorthuizen,One-Bedroom House,"₹ 31,083",500,7.5,Voorthuizen,
Recreatiepark de Boshoek,Voorthuizen,Two-Bedroom Chalet,"₹ 18,960",24,7.2,Voorthuizen,
Studio Recreatiepark De Boshoek-3,Voorthuizen,Studio,"₹ 7,593",,,Voorthuizen,
4 pers. Veluwelodge,Voorthuizen,Two-Bedroom Apartment,"₹ 10,940",,,Voorthuizen,
Heuveltjes 4 pers. bungalow,Voorthuizen,Two-Bedroom Apartment,"₹ 11,348",,,Voorthuizen,
4 pers. Veluwelounge,Voorthuizen,Two-Bedroom Apartment,"₹ 11,430",,,Voorthuizen,
6-persoons Veluwelodge XL,Voorthuizen,Three-Bedroom Apartment,"₹ 11,512",,,Voorthuizen,
6-persoons Familielodge,Voorthuizen,Three-Bedroom House,"₹ 11,838",,,Voorthuizen,
Zeumeren 6 pers. bungalow,Voorthuizen,Three-Bedroom Apartment,"₹ 13,716",,,Voorthuizen,
6 pers. Veluwelodge XL met Sauna,Voorthuizen,Three-Bedroom Apartment,"₹ 13,961",,,Voorthuizen,
6-person Veluwe Villa - copy -,Voorthuizen,Three-Bedroom House,"₹ 15,104",,,Voorthuizen,
Pension Sixtysix,Zandvoort,Deluxe Studio,"₹ 8,588",262,9.1,Zandvoort,
Queens Romantic Beachhouse,Zandvoort,One-Bedroom Apartment,"₹ 10,478",41,9.1,Zandvoort,
Beach&Dunes Studio,Zandvoort,Studio Apartment,"₹ 14,037",49,9.1,Zandvoort,
Het Lichthuis,Zandvoort,One-Bedroom Apartment,"₹ 16,288",500,9,Zandvoort,
Boutique Hotel LE•BAR,Zandvoort,Deluxe King Studio,"₹ 17,276",15,9.1,Zandvoort,
BUDDHA BEACH BUNGALOWS Adults Only,Zandvoort,One-Bedroom Chalet,"₹ 27,470",500,9.1,Zandvoort,
Queens Beachhouse,Zandvoort,One-Bedroom Apartment,"₹ 9,802",74,8.9,Zandvoort,
Studio Wijkhuizen,Zandvoort,Twin Room with Private Bathroom,"₹ 10,140",122,8.7,Zandvoort,
Hotel At Sea,Zandvoort,Double Room with Terrace,"₹ 13,896",500,8.9,Zandvoort,
STRAND 21 hotelchalets,Zandvoort,Superior Family Room with Sea View,"₹ 18,778",625,8.9,Zandvoort,
Boutique hotel Margretha,Zandvoort,Superior Suite,"₹ 18,928",500,8.8,Zandvoort,
Amsterdam Beach Hotel,Zandvoort,Double Room,"₹ 13,295",1415,8,Zandvoort,
Hotel Paradis,Zandvoort,Standard Double or Twin Room with Balcony,"₹ 14,955",500,8.2,Zandvoort,
Hofje van Maas,Zandvoort,Small Double Room,"₹ 9,065",208,7.9,Zandvoort,
Zaras Studios,Zandvoort,Queen Studio,"₹ 10,464",85,7.8,Zandvoort,
Beachhotel Zandvoort by Center Parcs,Zandvoort,2-person Premium Hotelroom,"₹ 12,165",4375,7.8,Zandvoort,
Hotel Zeespiegel,Zandvoort,Double Room,"₹ 9,797",2019,7.1,Zandvoort,
Palace Hotel Zandvoort,Zandvoort,Twin room-Landside,"₹ 15,989",660,7.2,Zandvoort,
Hotel Doppenberg,Zandvoort,Junior Suite with Balcony,"₹ 17,488",605,7.3,Zandvoort,
budget rooms Doppenberg,Zandvoort,Budget Twin Room,"₹ 10,762",220,6.8,Zandvoort,
Pension Marco,Zandvoort,Double Room with Shared Bathroom,"₹ 8,230",182,6.2,Zandvoort,
De Langenlee,Zwolle,Double Room with Private Bathroom,"₹ 8,164",229,9.4,Zwolle,
De Pelsertoren,Zwolle,Suite,"₹ 9,797",712,9,Zwolle,
Pillows Grand Boutique Hotel Ter Borch Zwolle,Zwolle,Deluxe Room,"₹ 14,288",916,9.1,Zwolle,
Librije's Hotel,Zwolle,Junior Suite,"₹ 26,126",71,9.1,Zwolle,
Thorbecke Canal View,Zwolle,Superior Twin Room with City View,"₹ 8,981",236,8.5,Zwolle,
B&B In de Kromme Jak,Zwolle,Double or Twin Room,"₹ 9,307",349,8.5,Zwolle,
Hotel Lumen Zwolle,Zwolle,Comfort Double or Twin Room,"₹ 9,797",2931,8.5,Zwolle,
Bilderberg Grand Hotel Wientjes,Zwolle,Classic Double Room,"₹ 10,614",500,8.5,Zwolle,
Apart! Food & Drinks Apartments,Zwolle,Deluxe Double Room,"₹ 11,348",532,8.8,Zwolle,
Van Der Valk Hotel Zwolle,Zwolle,Comfort Twin Room,"₹ 11,430",787,8.7,Zwolle,
Bnb de rode kamer,Zwolle,Double Room with Shared Bathroom,"₹ 6,123",43,8,Zwolle,
Bed & Breakfast 'Aan de IJssel',Zwolle,Double Room with Shared Shower and Toilet,"₹ 6,531",142,8.3,Zwolle,
B&B de Luwte Cottage,Zwolle,Comfort Double Room,"₹ 7,266",151,8.1,Zwolle,
Hotel Oldenburg,Zwolle,Standard Double Room with External Toilet,"₹ 7,348",422,8.1,Zwolle,
Hotel Fidder - Patrick's Whisky Bar,Zwolle,Twin Room,"₹ 7,838",1537,8.2,Zwolle,
Buitenplaats de Luwte,Zwolle,Deluxe Twin Room,"₹ 8,532",316,8.2,Zwolle,
Stadslogement Bij de Sassenpoort,Zwolle,Superior Apartment,"₹ 8,899",232,8.4,Zwolle,
Mercure Hotel Zwolle,Zwolle,Standard Double Room,"₹ 10,205",1402,7.7,Zwolle,
The Cabin at Zwolle Centraal,Zwolle,Double Room with Private Bathroom,"₹ 6,123",149,7.2,Zwolle,
Hanze Hotel Zwolle,Zwolle,Standard Twin Room,"₹ 7,789",1095,7.2,Zwolle,
Campanile Hotel & Restaurant Zwolle,Zwolle,Double Room,"₹ 6,870",2071,6.4,Zwolle,